FilePath,ResizedPath,Value
,C:\Users\parki\Documents\GitHub\Python-Practice\Sleep Schedule\static\Augmented\augmented1.png,0.0
,C:\Users\parki\Documents\GitHub\Python-Practice\Sleep Schedule\static\Augmented\augmented2.png,1.0
,C:\Users\parki\Documents\GitHub\Python-Practice\Sleep Schedule\static\Augmented\augmented3.png,2.0
,C:\Users\parki\Documents\GitHub\Python-Practice\Sleep Schedule\static\Augmented\augmented4.png,1.0
,C:\Users\parki\Documents\GitHub\Python-Practice\Sleep Schedule\static\Augmented\augmented5.png,1.0
,C:\Users\parki\Documents\GitHub\Python-Practice\Sleep Schedule\static\Augmented\augmented6.png,2.0
,C:\Users\parki\Documents\GitHub\Python-Practice\Sleep Schedule\static\Augmented\augmented7.png,1.0
,C:\Users\parki\Documents\GitHub\Python-Practice\Sleep Schedule\static\Augmented\augmented8.png,1.0
,C:\Users\parki\Documents\GitHub\Python-Practice\Sleep Schedule\static\Augmented\augmented9.png,1.0
,C:\Users\parki\Documents\GitHub\Python-Practice\Sleep Schedule\static\Augmented\augmented10.png,1.0
,C:\Users\parki\Documents\GitHub\Python-Practice\Sleep Schedule\static\Augmented\augmented11.png,1.0
,C:\Users\parki\Documents\GitHub\Python-Practice\Sleep Schedule\static\Augmented\augmented12.png,0.0
,C:\Users\parki\Documents\GitHub\Python-Practice\Sleep Schedule\static\Augmented\augmented13.png,2.0
,C:\Users\parki\Documents\GitHub\Python-Practice\Sleep Schedule\static\Augmented\augmented14.png,1.0
,C:\Users\parki\Documents\GitHub\Python-Practice\Sleep Schedule\static\Augmented\augmented15.png,1.0
,C:\Users\parki\Documents\GitHub\Python-Practice\Sleep Schedule\static\Augmented\augmented16.png,1.0
,C:\Users\parki\Documents\GitHub\Python-Practice\Sleep Schedule\static\Augmented\augmented17.png,1.0
,C:\Users\parki\Documents\GitHub\Python-Practice\Sleep Schedule\static\Augmented\augmented18.png,1.0
,C:\Users\parki\Documents\GitHub\Python-Practice\Sleep Schedule\static\Augmented\augmented19.png,0.0
,C:\Users\parki\Documents\GitHub\Python-Practice\Sleep Schedule\static\Augmented\augmented20.png,0.0
,C:\Users\parki\Documents\GitHub\Python-Practice\Sleep Schedule\static\Augmented\augmented21.png,0.0
,C:\Users\parki\Documents\GitHub\Python-Practice\Sleep Schedule\static\Augmented\augmented22.png,1.0
,C:\Users\parki\Documents\GitHub\Python-Practice\Sleep Schedule\static\Augmented\augmented23.png,2.0
,C:\Users\parki\Documents\GitHub\Python-Practice\Sleep Schedule\static\Augmented\augmented24.png,1.0
,C:\Users\parki\Documents\GitHub\Python-Practice\Sleep Schedule\static\Augmented\augmented25.png,2.0
,C:\Users\parki\Documents\GitHub\Python-Practice\Sleep Schedule\static\Augmented\augmented26.png,1.0
,C:\Users\parki\Documents\GitHub\Python-Practice\Sleep Schedule\static\Augmented\augmented27.png,1.0
,C:\Users\parki\Documents\GitHub\Python-Practice\Sleep Schedule\static\Augmented\augmented28.png,1.0
,C:\Users\parki\Documents\GitHub\Python-Practice\Sleep Schedule\static\Augmented\augmented29.png,2.0
,C:\Users\parki\Documents\GitHub\Python-Practice\Sleep Schedule\static\Augmented\augmented30.png,1.0
,C:\Users\parki\Documents\GitHub\Python-Practice\Sleep Schedule\static\Augmented\augmented31.png,2.0
,C:\Users\parki\Documents\GitHub\Python-Practice\Sleep Schedule\static\Augmented\augmented32.png,1.0
,C:\Users\parki\Documents\GitHub\Python-Practice\Sleep Schedule\static\Augmented\augmented33.png,1.0
,C:\Users\parki\Documents\GitHub\Python-Practice\Sleep Schedule\static\Augmented\augmented34.png,1.0
,C:\Users\parki\Documents\GitHub\Python-Practice\Sleep Schedule\static\Augmented\augmented35.png,2.0
,C:\Users\parki\Documents\GitHub\Python-Practice\Sleep Schedule\static\Augmented\augmented36.png,0.0
,C:\Users\parki\Documents\GitHub\Python-Practice\Sleep Schedule\static\Augmented\augmented37.png,2.0
,C:\Users\parki\Documents\GitHub\Python-Practice\Sleep Schedule\static\Augmented\augmented38.png,2.0
,C:\Users\parki\Documents\GitHub\Python-Practice\Sleep Schedule\static\Augmented\augmented39.png,1.0
,C:\Users\parki\Documents\GitHub\Python-Practice\Sleep Schedule\static\Augmented\augmented40.png,1.0
,C:\Users\parki\Documents\GitHub\Python-Practice\Sleep Schedule\static\Augmented\augmented41.png,1.0
,C:\Users\parki\Documents\GitHub\Python-Practice\Sleep Schedule\static\Augmented\augmented42.png,0.0
,C:\Users\parki\Documents\GitHub\Python-Practice\Sleep Schedule\static\Augmented\augmented43.png,0.0
,C:\Users\parki\Documents\GitHub\Python-Practice\Sleep Schedule\static\Augmented\augmented44.png,1.0
,C:\Users\parki\Documents\GitHub\Python-Practice\Sleep Schedule\static\Augmented\augmented45.png,1.0
,C:\Users\parki\Documents\GitHub\Python-Practice\Sleep Schedule\static\Augmented\augmented46.png,2.0
,C:\Users\parki\Documents\GitHub\Python-Practice\Sleep Schedule\static\Augmented\augmented47.png,1.0
,C:\Users\parki\Documents\GitHub\Python-Practice\Sleep Schedule\static\Augmented\augmented48.png,2.0
,C:\Users\parki\Documents\GitHub\Python-Practice\Sleep Schedule\static\Augmented\augmented49.png,1.0
,C:\Users\parki\Documents\GitHub\Python-Practice\Sleep Schedule\static\Augmented\augmented50.png,0.0
,C:\Users\parki\Documents\GitHub\Python-Practice\Sleep Schedule\static\Augmented\augmented51.png,2.0
,C:\Users\parki\Documents\GitHub\Python-Practice\Sleep Schedule\static\Augmented\augmented52.png,1.0
,C:\Users\parki\Documents\GitHub\Python-Practice\Sleep Schedule\static\Augmented\augmented53.png,0.0
,C:\Users\parki\Documents\GitHub\Python-Practice\Sleep Schedule\static\Augmented\augmented54.png,1.0
,C:\Users\parki\Documents\GitHub\Python-Practice\Sleep Schedule\static\Augmented\augmented55.png,1.0
,C:\Users\parki\Documents\GitHub\Python-Practice\Sleep Schedule\static\Augmented\augmented56.png,2.0
,C:\Users\parki\Documents\GitHub\Python-Practice\Sleep Schedule\static\Augmented\augmented57.png,2.0
,C:\Users\parki\Documents\GitHub\Python-Practice\Sleep Schedule\static\Augmented\augmented58.png,2.0
,C:\Users\parki\Documents\GitHub\Python-Practice\Sleep Schedule\static\Augmented\augmented59.png,2.0
,C:\Users\parki\Documents\GitHub\Python-Practice\Sleep Schedule\static\Augmented\augmented60.png,0.0
,C:\Users\parki\Documents\GitHub\Python-Practice\Sleep Schedule\static\Augmented\augmented61.png,0.0
,C:\Users\parki\Documents\GitHub\Python-Practice\Sleep Schedule\static\Augmented\augmented62.png,0.0
,C:\Users\parki\Documents\GitHub\Python-Practice\Sleep Schedule\static\Augmented\augmented63.png,1.0
,C:\Users\parki\Documents\GitHub\Python-Practice\Sleep Schedule\static\Augmented\augmented64.png,2.0
,C:\Users\parki\Documents\GitHub\Python-Practice\Sleep Schedule\static\Augmented\augmented65.png,0.0
,C:\Users\parki\Documents\GitHub\Python-Practice\Sleep Schedule\static\Augmented\augmented66.png,2.0
,C:\Users\parki\Documents\GitHub\Python-Practice\Sleep Schedule\static\Augmented\augmented67.png,1.0
,C:\Users\parki\Documents\GitHub\Python-Practice\Sleep Schedule\static\Augmented\augmented68.png,1.0
,C:\Users\parki\Documents\GitHub\Python-Practice\Sleep Schedule\static\Augmented\augmented69.png,0.0
,C:\Users\parki\Documents\GitHub\Python-Practice\Sleep Schedule\static\Augmented\augmented70.png,0.0
,C:\Users\parki\Documents\GitHub\Python-Practice\Sleep Schedule\static\Augmented\augmented71.png,0.0
,C:\Users\parki\Documents\GitHub\Python-Practice\Sleep Schedule\static\Augmented\augmented72.png,2.0
,C:\Users\parki\Documents\GitHub\Python-Practice\Sleep Schedule\static\Augmented\augmented73.png,0.0
,C:\Users\parki\Documents\GitHub\Python-Practice\Sleep Schedule\static\Augmented\augmented74.png,2.0
,C:\Users\parki\Documents\GitHub\Python-Practice\Sleep Schedule\static\Augmented\augmented75.png,0.0
,C:\Users\parki\Documents\GitHub\Python-Practice\Sleep Schedule\static\Augmented\augmented76.png,2.0
,C:\Users\parki\Documents\GitHub\Python-Practice\Sleep Schedule\static\Augmented\augmented77.png,1.0
,C:\Users\parki\Documents\GitHub\Python-Practice\Sleep Schedule\static\Augmented\augmented78.png,0.0
,C:\Users\parki\Documents\GitHub\Python-Practice\Sleep Schedule\static\Augmented\augmented79.png,2.0
,C:\Users\parki\Documents\GitHub\Python-Practice\Sleep Schedule\static\Augmented\augmented80.png,0.0
,C:\Users\parki\Documents\GitHub\Python-Practice\Sleep Schedule\static\Augmented\augmented81.png,0.0
,C:\Users\parki\Documents\GitHub\Python-Practice\Sleep Schedule\static\Augmented\augmented82.png,1.0
,C:\Users\parki\Documents\GitHub\Python-Practice\Sleep Schedule\static\Augmented\augmented83.png,1.0
,C:\Users\parki\Documents\GitHub\Python-Practice\Sleep Schedule\static\Augmented\augmented84.png,0.0
,C:\Users\parki\Documents\GitHub\Python-Practice\Sleep Schedule\static\Augmented\augmented85.png,1.0
,C:\Users\parki\Documents\GitHub\Python-Practice\Sleep Schedule\static\Augmented\augmented86.png,0.0
,C:\Users\parki\Documents\GitHub\Python-Practice\Sleep Schedule\static\Augmented\augmented87.png,1.0
,C:\Users\parki\Documents\GitHub\Python-Practice\Sleep Schedule\static\Augmented\augmented88.png,1.0
,C:\Users\parki\Documents\GitHub\Python-Practice\Sleep Schedule\static\Augmented\augmented89.png,2.0
,C:\Users\parki\Documents\GitHub\Python-Practice\Sleep Schedule\static\Augmented\augmented90.png,1.0
,C:\Users\parki\Documents\GitHub\Python-Practice\Sleep Schedule\static\Augmented\augmented91.png,0.0
,C:\Users\parki\Documents\GitHub\Python-Practice\Sleep Schedule\static\Augmented\augmented92.png,1.0
,C:\Users\parki\Documents\GitHub\Python-Practice\Sleep Schedule\static\Augmented\augmented93.png,0.0
,C:\Users\parki\Documents\GitHub\Python-Practice\Sleep Schedule\static\Augmented\augmented94.png,2.0
,C:\Users\parki\Documents\GitHub\Python-Practice\Sleep Schedule\static\Augmented\augmented95.png,1.0
,C:\Users\parki\Documents\GitHub\Python-Practice\Sleep Schedule\static\Augmented\augmented96.png,0.0
,C:\Users\parki\Documents\GitHub\Python-Practice\Sleep Schedule\static\Augmented\augmented97.png,1.0
,C:\Users\parki\Documents\GitHub\Python-Practice\Sleep Schedule\static\Augmented\augmented98.png,1.0
,C:\Users\parki\Documents\GitHub\Python-Practice\Sleep Schedule\static\Augmented\augmented99.png,2.0
,C:\Users\parki\Documents\GitHub\Python-Practice\Sleep Schedule\static\Augmented\augmented100.png,0.0
,C:\Users\parki\Documents\GitHub\Python-Practice\Sleep Schedule\static\Augmented\augmented101.png,2.0
,C:\Users\parki\Documents\GitHub\Python-Practice\Sleep Schedule\static\Augmented\augmented102.png,0.0
,C:\Users\parki\Documents\GitHub\Python-Practice\Sleep Schedule\static\Augmented\augmented103.png,1.0
,C:\Users\parki\Documents\GitHub\Python-Practice\Sleep Schedule\static\Augmented\augmented104.png,1.0
,C:\Users\parki\Documents\GitHub\Python-Practice\Sleep Schedule\static\Augmented\augmented105.png,2.0
,C:\Users\parki\Documents\GitHub\Python-Practice\Sleep Schedule\static\Augmented\augmented106.png,1.0
,C:\Users\parki\Documents\GitHub\Python-Practice\Sleep Schedule\static\Augmented\augmented107.png,1.0
,C:\Users\parki\Documents\GitHub\Python-Practice\Sleep Schedule\static\Augmented\augmented108.png,2.0
,C:\Users\parki\Documents\GitHub\Python-Practice\Sleep Schedule\static\Augmented\augmented109.png,2.0
,C:\Users\parki\Documents\GitHub\Python-Practice\Sleep Schedule\static\Augmented\augmented110.png,2.0
,C:\Users\parki\Documents\GitHub\Python-Practice\Sleep Schedule\static\Augmented\augmented111.png,1.0
,C:\Users\parki\Documents\GitHub\Python-Practice\Sleep Schedule\static\Augmented\augmented112.png,2.0
,C:\Users\parki\Documents\GitHub\Python-Practice\Sleep Schedule\static\Augmented\augmented113.png,0.0
,C:\Users\parki\Documents\GitHub\Python-Practice\Sleep Schedule\static\Augmented\augmented114.png,1.0
,C:\Users\parki\Documents\GitHub\Python-Practice\Sleep Schedule\static\Augmented\augmented115.png,0.0
,C:\Users\parki\Documents\GitHub\Python-Practice\Sleep Schedule\static\Augmented\augmented116.png,1.0
,C:\Users\parki\Documents\GitHub\Python-Practice\Sleep Schedule\static\Augmented\augmented117.png,2.0
,C:\Users\parki\Documents\GitHub\Python-Practice\Sleep Schedule\static\Augmented\augmented118.png,2.0
,C:\Users\parki\Documents\GitHub\Python-Practice\Sleep Schedule\static\Augmented\augmented119.png,1.0
,C:\Users\parki\Documents\GitHub\Python-Practice\Sleep Schedule\static\Augmented\augmented120.png,2.0
,C:\Users\parki\Documents\GitHub\Python-Practice\Sleep Schedule\static\Augmented\augmented121.png,1.0
,C:\Users\parki\Documents\GitHub\Python-Practice\Sleep Schedule\static\Augmented\augmented122.png,2.0
,C:\Users\parki\Documents\GitHub\Python-Practice\Sleep Schedule\static\Augmented\augmented123.png,1.0
,C:\Users\parki\Documents\GitHub\Python-Practice\Sleep Schedule\static\Augmented\augmented124.png,1.0
,C:\Users\parki\Documents\GitHub\Python-Practice\Sleep Schedule\static\Augmented\augmented125.png,0.0
,C:\Users\parki\Documents\GitHub\Python-Practice\Sleep Schedule\static\Augmented\augmented126.png,1.0
,C:\Users\parki\Documents\GitHub\Python-Practice\Sleep Schedule\static\Augmented\augmented127.png,1.0
,C:\Users\parki\Documents\GitHub\Python-Practice\Sleep Schedule\static\Augmented\augmented128.png,0.0
,C:\Users\parki\Documents\GitHub\Python-Practice\Sleep Schedule\static\Augmented\augmented129.png,1.0
,C:\Users\parki\Documents\GitHub\Python-Practice\Sleep Schedule\static\Augmented\augmented130.png,2.0
,C:\Users\parki\Documents\GitHub\Python-Practice\Sleep Schedule\static\Augmented\augmented131.png,0.0
,C:\Users\parki\Documents\GitHub\Python-Practice\Sleep Schedule\static\Augmented\augmented132.png,1.0
,C:\Users\parki\Documents\GitHub\Python-Practice\Sleep Schedule\static\Augmented\augmented133.png,2.0
,C:\Users\parki\Documents\GitHub\Python-Practice\Sleep Schedule\static\Augmented\augmented134.png,1.0
,C:\Users\parki\Documents\GitHub\Python-Practice\Sleep Schedule\static\Augmented\augmented135.png,2.0
,C:\Users\parki\Documents\GitHub\Python-Practice\Sleep Schedule\static\Augmented\augmented136.png,1.0
,C:\Users\parki\Documents\GitHub\Python-Practice\Sleep Schedule\static\Augmented\augmented137.png,1.0
,C:\Users\parki\Documents\GitHub\Python-Practice\Sleep Schedule\static\Augmented\augmented138.png,2.0
,C:\Users\parki\Documents\GitHub\Python-Practice\Sleep Schedule\static\Augmented\augmented139.png,2.0
,C:\Users\parki\Documents\GitHub\Python-Practice\Sleep Schedule\static\Augmented\augmented140.png,2.0
,C:\Users\parki\Documents\GitHub\Python-Practice\Sleep Schedule\static\Augmented\augmented141.png,1.0
,C:\Users\parki\Documents\GitHub\Python-Practice\Sleep Schedule\static\Augmented\augmented142.png,1.0
,C:\Users\parki\Documents\GitHub\Python-Practice\Sleep Schedule\static\Augmented\augmented143.png,1.0
,C:\Users\parki\Documents\GitHub\Python-Practice\Sleep Schedule\static\Augmented\augmented144.png,1.0
,C:\Users\parki\Documents\GitHub\Python-Practice\Sleep Schedule\static\Augmented\augmented145.png,2.0
,C:\Users\parki\Documents\GitHub\Python-Practice\Sleep Schedule\static\Augmented\augmented146.png,1.0
,C:\Users\parki\Documents\GitHub\Python-Practice\Sleep Schedule\static\Augmented\augmented147.png,2.0
,C:\Users\parki\Documents\GitHub\Python-Practice\Sleep Schedule\static\Augmented\augmented148.png,1.0
,C:\Users\parki\Documents\GitHub\Python-Practice\Sleep Schedule\static\Augmented\augmented149.png,2.0
,C:\Users\parki\Documents\GitHub\Python-Practice\Sleep Schedule\static\Augmented\augmented150.png,2.0
,C:\Users\parki\Documents\GitHub\Python-Practice\Sleep Schedule\static\Augmented\augmented151.png,2.0
,C:\Users\parki\Documents\GitHub\Python-Practice\Sleep Schedule\static\Augmented\augmented152.png,0.0
,C:\Users\parki\Documents\GitHub\Python-Practice\Sleep Schedule\static\Augmented\augmented153.png,1.0
,C:\Users\parki\Documents\GitHub\Python-Practice\Sleep Schedule\static\Augmented\augmented154.png,1.0
,C:\Users\parki\Documents\GitHub\Python-Practice\Sleep Schedule\static\Augmented\augmented155.png,2.0
,C:\Users\parki\Documents\GitHub\Python-Practice\Sleep Schedule\static\Augmented\augmented156.png,1.0
,C:\Users\parki\Documents\GitHub\Python-Practice\Sleep Schedule\static\Augmented\augmented157.png,0.0
,C:\Users\parki\Documents\GitHub\Python-Practice\Sleep Schedule\static\Augmented\augmented158.png,0.0
,C:\Users\parki\Documents\GitHub\Python-Practice\Sleep Schedule\static\Augmented\augmented159.png,1.0
,C:\Users\parki\Documents\GitHub\Python-Practice\Sleep Schedule\static\Augmented\augmented160.png,1.0
,C:\Users\parki\Documents\GitHub\Python-Practice\Sleep Schedule\static\Augmented\augmented161.png,0.0
,C:\Users\parki\Documents\GitHub\Python-Practice\Sleep Schedule\static\Augmented\augmented162.png,0.0
,C:\Users\parki\Documents\GitHub\Python-Practice\Sleep Schedule\static\Augmented\augmented163.png,2.0
,C:\Users\parki\Documents\GitHub\Python-Practice\Sleep Schedule\static\Augmented\augmented164.png,0.0
,C:\Users\parki\Documents\GitHub\Python-Practice\Sleep Schedule\static\Augmented\augmented165.png,0.0
,C:\Users\parki\Documents\GitHub\Python-Practice\Sleep Schedule\static\Augmented\augmented166.png,0.0
,C:\Users\parki\Documents\GitHub\Python-Practice\Sleep Schedule\static\Augmented\augmented167.png,0.0
,C:\Users\parki\Documents\GitHub\Python-Practice\Sleep Schedule\static\Augmented\augmented168.png,1.0
,C:\Users\parki\Documents\GitHub\Python-Practice\Sleep Schedule\static\Augmented\augmented169.png,1.0
,C:\Users\parki\Documents\GitHub\Python-Practice\Sleep Schedule\static\Augmented\augmented170.png,2.0
,C:\Users\parki\Documents\GitHub\Python-Practice\Sleep Schedule\static\Augmented\augmented171.png,1.0
,C:\Users\parki\Documents\GitHub\Python-Practice\Sleep Schedule\static\Augmented\augmented172.png,1.0
,C:\Users\parki\Documents\GitHub\Python-Practice\Sleep Schedule\static\Augmented\augmented173.png,2.0
,C:\Users\parki\Documents\GitHub\Python-Practice\Sleep Schedule\static\Augmented\augmented174.png,1.0
,C:\Users\parki\Documents\GitHub\Python-Practice\Sleep Schedule\static\Augmented\augmented175.png,2.0
,C:\Users\parki\Documents\GitHub\Python-Practice\Sleep Schedule\static\Augmented\augmented176.png,1.0
,C:\Users\parki\Documents\GitHub\Python-Practice\Sleep Schedule\static\Augmented\augmented177.png,1.0
,C:\Users\parki\Documents\GitHub\Python-Practice\Sleep Schedule\static\Augmented\augmented178.png,1.0
,C:\Users\parki\Documents\GitHub\Python-Practice\Sleep Schedule\static\Augmented\augmented179.png,1.0
,C:\Users\parki\Documents\GitHub\Python-Practice\Sleep Schedule\static\Augmented\augmented180.png,1.0
,C:\Users\parki\Documents\GitHub\Python-Practice\Sleep Schedule\static\Augmented\augmented181.png,2.0
,C:\Users\parki\Documents\GitHub\Python-Practice\Sleep Schedule\static\Augmented\augmented182.png,1.0
,C:\Users\parki\Documents\GitHub\Python-Practice\Sleep Schedule\static\Augmented\augmented183.png,2.0
,C:\Users\parki\Documents\GitHub\Python-Practice\Sleep Schedule\static\Augmented\augmented184.png,1.0
,C:\Users\parki\Documents\GitHub\Python-Practice\Sleep Schedule\static\Augmented\augmented185.png,2.0
,C:\Users\parki\Documents\GitHub\Python-Practice\Sleep Schedule\static\Augmented\augmented186.png,1.0
,C:\Users\parki\Documents\GitHub\Python-Practice\Sleep Schedule\static\Augmented\augmented187.png,0.0
,C:\Users\parki\Documents\GitHub\Python-Practice\Sleep Schedule\static\Augmented\augmented188.png,2.0
,C:\Users\parki\Documents\GitHub\Python-Practice\Sleep Schedule\static\Augmented\augmented189.png,1.0
,C:\Users\parki\Documents\GitHub\Python-Practice\Sleep Schedule\static\Augmented\augmented190.png,1.0
,C:\Users\parki\Documents\GitHub\Python-Practice\Sleep Schedule\static\Augmented\augmented191.png,2.0
,C:\Users\parki\Documents\GitHub\Python-Practice\Sleep Schedule\static\Augmented\augmented192.png,2.0
,C:\Users\parki\Documents\GitHub\Python-Practice\Sleep Schedule\static\Augmented\augmented193.png,1.0
,C:\Users\parki\Documents\GitHub\Python-Practice\Sleep Schedule\static\Augmented\augmented194.png,2.0
,C:\Users\parki\Documents\GitHub\Python-Practice\Sleep Schedule\static\Augmented\augmented195.png,0.0
,C:\Users\parki\Documents\GitHub\Python-Practice\Sleep Schedule\static\Augmented\augmented196.png,2.0
,C:\Users\parki\Documents\GitHub\Python-Practice\Sleep Schedule\static\Augmented\augmented197.png,0.0
,C:\Users\parki\Documents\GitHub\Python-Practice\Sleep Schedule\static\Augmented\augmented198.png,0.0
,C:\Users\parki\Documents\GitHub\Python-Practice\Sleep Schedule\static\Augmented\augmented199.png,1.0
,C:\Users\parki\Documents\GitHub\Python-Practice\Sleep Schedule\static\Augmented\augmented200.png,2.0
,C:\Users\parki\Documents\GitHub\Python-Practice\Sleep Schedule\static\Augmented\augmented201.png,2.0
,C:\Users\parki\Documents\GitHub\Python-Practice\Sleep Schedule\static\Augmented\augmented202.png,0.0
,C:\Users\parki\Documents\GitHub\Python-Practice\Sleep Schedule\static\Augmented\augmented203.png,0.0
,C:\Users\parki\Documents\GitHub\Python-Practice\Sleep Schedule\static\Augmented\augmented204.png,2.0
,C:\Users\parki\Documents\GitHub\Python-Practice\Sleep Schedule\static\Augmented\augmented205.png,1.0
,C:\Users\parki\Documents\GitHub\Python-Practice\Sleep Schedule\static\Augmented\augmented206.png,0.0
,C:\Users\parki\Documents\GitHub\Python-Practice\Sleep Schedule\static\Augmented\augmented207.png,1.0
,C:\Users\parki\Documents\GitHub\Python-Practice\Sleep Schedule\static\Augmented\augmented208.png,1.0
,C:\Users\parki\Documents\GitHub\Python-Practice\Sleep Schedule\static\Augmented\augmented209.png,0.0
,C:\Users\parki\Documents\GitHub\Python-Practice\Sleep Schedule\static\Augmented\augmented210.png,2.0
,C:\Users\parki\Documents\GitHub\Python-Practice\Sleep Schedule\static\Augmented\augmented211.png,1.0
,C:\Users\parki\Documents\GitHub\Python-Practice\Sleep Schedule\static\Augmented\augmented212.png,2.0
,C:\Users\parki\Documents\GitHub\Python-Practice\Sleep Schedule\static\Augmented\augmented213.png,2.0
,C:\Users\parki\Documents\GitHub\Python-Practice\Sleep Schedule\static\Augmented\augmented214.png,2.0
,C:\Users\parki\Documents\GitHub\Python-Practice\Sleep Schedule\static\Augmented\augmented215.png,0.0
,C:\Users\parki\Documents\GitHub\Python-Practice\Sleep Schedule\static\Augmented\augmented216.png,1.0
,C:\Users\parki\Documents\GitHub\Python-Practice\Sleep Schedule\static\Augmented\augmented217.png,2.0
,C:\Users\parki\Documents\GitHub\Python-Practice\Sleep Schedule\static\Augmented\augmented218.png,1.0
,C:\Users\parki\Documents\GitHub\Python-Practice\Sleep Schedule\static\Augmented\augmented219.png,1.0
,C:\Users\parki\Documents\GitHub\Python-Practice\Sleep Schedule\static\Augmented\augmented220.png,1.0
,C:\Users\parki\Documents\GitHub\Python-Practice\Sleep Schedule\static\Augmented\augmented221.png,1.0
,C:\Users\parki\Documents\GitHub\Python-Practice\Sleep Schedule\static\Augmented\augmented222.png,2.0
,C:\Users\parki\Documents\GitHub\Python-Practice\Sleep Schedule\static\Augmented\augmented223.png,1.0
,C:\Users\parki\Documents\GitHub\Python-Practice\Sleep Schedule\static\Augmented\augmented224.png,0.0
,C:\Users\parki\Documents\GitHub\Python-Practice\Sleep Schedule\static\Augmented\augmented225.png,2.0
,C:\Users\parki\Documents\GitHub\Python-Practice\Sleep Schedule\static\Augmented\augmented226.png,1.0
,C:\Users\parki\Documents\GitHub\Python-Practice\Sleep Schedule\static\Augmented\augmented227.png,1.0
,C:\Users\parki\Documents\GitHub\Python-Practice\Sleep Schedule\static\Augmented\augmented228.png,0.0
,C:\Users\parki\Documents\GitHub\Python-Practice\Sleep Schedule\static\Augmented\augmented229.png,2.0
,C:\Users\parki\Documents\GitHub\Python-Practice\Sleep Schedule\static\Augmented\augmented230.png,2.0
,C:\Users\parki\Documents\GitHub\Python-Practice\Sleep Schedule\static\Augmented\augmented231.png,2.0
,C:\Users\parki\Documents\GitHub\Python-Practice\Sleep Schedule\static\Augmented\augmented232.png,1.0
,C:\Users\parki\Documents\GitHub\Python-Practice\Sleep Schedule\static\Augmented\augmented233.png,1.0
,C:\Users\parki\Documents\GitHub\Python-Practice\Sleep Schedule\static\Augmented\augmented234.png,1.0
,C:\Users\parki\Documents\GitHub\Python-Practice\Sleep Schedule\static\Augmented\augmented235.png,2.0
,C:\Users\parki\Documents\GitHub\Python-Practice\Sleep Schedule\static\Augmented\augmented236.png,1.0
,C:\Users\parki\Documents\GitHub\Python-Practice\Sleep Schedule\static\Augmented\augmented237.png,1.0
,C:\Users\parki\Documents\GitHub\Python-Practice\Sleep Schedule\static\Augmented\augmented238.png,2.0
,C:\Users\parki\Documents\GitHub\Python-Practice\Sleep Schedule\static\Augmented\augmented239.png,2.0
,C:\Users\parki\Documents\GitHub\Python-Practice\Sleep Schedule\static\Augmented\augmented240.png,1.0
,C:\Users\parki\Documents\GitHub\Python-Practice\Sleep Schedule\static\Augmented\augmented241.png,1.0
,C:\Users\parki\Documents\GitHub\Python-Practice\Sleep Schedule\static\Augmented\augmented242.png,1.0
,C:\Users\parki\Documents\GitHub\Python-Practice\Sleep Schedule\static\Augmented\augmented243.png,1.0
,C:\Users\parki\Documents\GitHub\Python-Practice\Sleep Schedule\static\Augmented\augmented244.png,2.0
,C:\Users\parki\Documents\GitHub\Python-Practice\Sleep Schedule\static\Augmented\augmented245.png,0.0
,C:\Users\parki\Documents\GitHub\Python-Practice\Sleep Schedule\static\Augmented\augmented246.png,1.0
,C:\Users\parki\Documents\GitHub\Python-Practice\Sleep Schedule\static\Augmented\augmented247.png,0.0
,C:\Users\parki\Documents\GitHub\Python-Practice\Sleep Schedule\static\Augmented\augmented248.png,1.0
,C:\Users\parki\Documents\GitHub\Python-Practice\Sleep Schedule\static\Augmented\augmented249.png,2.0
,C:\Users\parki\Documents\GitHub\Python-Practice\Sleep Schedule\static\Augmented\augmented250.png,2.0
,C:\Users\parki\Documents\GitHub\Python-Practice\Sleep Schedule\static\Augmented\augmented251.png,2.0
,C:\Users\parki\Documents\GitHub\Python-Practice\Sleep Schedule\static\Augmented\augmented252.png,2.0
,C:\Users\parki\Documents\GitHub\Python-Practice\Sleep Schedule\static\Augmented\augmented253.png,2.0
,C:\Users\parki\Documents\GitHub\Python-Practice\Sleep Schedule\static\Augmented\augmented254.png,1.0
,C:\Users\parki\Documents\GitHub\Python-Practice\Sleep Schedule\static\Augmented\augmented255.png,2.0
,C:\Users\parki\Documents\GitHub\Python-Practice\Sleep Schedule\static\Augmented\augmented256.png,1.0
,C:\Users\parki\Documents\GitHub\Python-Practice\Sleep Schedule\static\Augmented\augmented257.png,1.0
,C:\Users\parki\Documents\GitHub\Python-Practice\Sleep Schedule\static\Augmented\augmented258.png,2.0
,C:\Users\parki\Documents\GitHub\Python-Practice\Sleep Schedule\static\Augmented\augmented259.png,1.0
,C:\Users\parki\Documents\GitHub\Python-Practice\Sleep Schedule\static\Augmented\augmented260.png,1.0
,C:\Users\parki\Documents\GitHub\Python-Practice\Sleep Schedule\static\Augmented\augmented261.png,0.0
,C:\Users\parki\Documents\GitHub\Python-Practice\Sleep Schedule\static\Augmented\augmented262.png,0.0
,C:\Users\parki\Documents\GitHub\Python-Practice\Sleep Schedule\static\Augmented\augmented263.png,0.0
,C:\Users\parki\Documents\GitHub\Python-Practice\Sleep Schedule\static\Augmented\augmented264.png,2.0
,C:\Users\parki\Documents\GitHub\Python-Practice\Sleep Schedule\static\Augmented\augmented265.png,1.0
,C:\Users\parki\Documents\GitHub\Python-Practice\Sleep Schedule\static\Augmented\augmented266.png,2.0
,C:\Users\parki\Documents\GitHub\Python-Practice\Sleep Schedule\static\Augmented\augmented267.png,2.0
,C:\Users\parki\Documents\GitHub\Python-Practice\Sleep Schedule\static\Augmented\augmented268.png,2.0
,C:\Users\parki\Documents\GitHub\Python-Practice\Sleep Schedule\static\Augmented\augmented269.png,1.0
,C:\Users\parki\Documents\GitHub\Python-Practice\Sleep Schedule\static\Augmented\augmented270.png,0.0
,C:\Users\parki\Documents\GitHub\Python-Practice\Sleep Schedule\static\Augmented\augmented271.png,0.0
,C:\Users\parki\Documents\GitHub\Python-Practice\Sleep Schedule\static\Augmented\augmented272.png,1.0
,C:\Users\parki\Documents\GitHub\Python-Practice\Sleep Schedule\static\Augmented\augmented273.png,1.0
,C:\Users\parki\Documents\GitHub\Python-Practice\Sleep Schedule\static\Augmented\augmented274.png,0.0
,C:\Users\parki\Documents\GitHub\Python-Practice\Sleep Schedule\static\Augmented\augmented275.png,1.0
,C:\Users\parki\Documents\GitHub\Python-Practice\Sleep Schedule\static\Augmented\augmented276.png,1.0
,C:\Users\parki\Documents\GitHub\Python-Practice\Sleep Schedule\static\Augmented\augmented277.png,0.0
,C:\Users\parki\Documents\GitHub\Python-Practice\Sleep Schedule\static\Augmented\augmented278.png,1.0
,C:\Users\parki\Documents\GitHub\Python-Practice\Sleep Schedule\static\Augmented\augmented279.png,1.0
,C:\Users\parki\Documents\GitHub\Python-Practice\Sleep Schedule\static\Augmented\augmented280.png,1.0
,C:\Users\parki\Documents\GitHub\Python-Practice\Sleep Schedule\static\Augmented\augmented281.png,1.0
,C:\Users\parki\Documents\GitHub\Python-Practice\Sleep Schedule\static\Augmented\augmented282.png,2.0
,C:\Users\parki\Documents\GitHub\Python-Practice\Sleep Schedule\static\Augmented\augmented283.png,0.0
,C:\Users\parki\Documents\GitHub\Python-Practice\Sleep Schedule\static\Augmented\augmented284.png,1.0
,C:\Users\parki\Documents\GitHub\Python-Practice\Sleep Schedule\static\Augmented\augmented285.png,1.0
,C:\Users\parki\Documents\GitHub\Python-Practice\Sleep Schedule\static\Augmented\augmented286.png,1.0
,C:\Users\parki\Documents\GitHub\Python-Practice\Sleep Schedule\static\Augmented\augmented287.png,1.0
,C:\Users\parki\Documents\GitHub\Python-Practice\Sleep Schedule\static\Augmented\augmented288.png,1.0
,C:\Users\parki\Documents\GitHub\Python-Practice\Sleep Schedule\static\Augmented\augmented289.png,2.0
,C:\Users\parki\Documents\GitHub\Python-Practice\Sleep Schedule\static\Augmented\augmented290.png,1.0
,C:\Users\parki\Documents\GitHub\Python-Practice\Sleep Schedule\static\Augmented\augmented291.png,2.0
,C:\Users\parki\Documents\GitHub\Python-Practice\Sleep Schedule\static\Augmented\augmented292.png,0.0
,C:\Users\parki\Documents\GitHub\Python-Practice\Sleep Schedule\static\Augmented\augmented293.png,1.0
,C:\Users\parki\Documents\GitHub\Python-Practice\Sleep Schedule\static\Augmented\augmented294.png,0.0
,C:\Users\parki\Documents\GitHub\Python-Practice\Sleep Schedule\static\Augmented\augmented295.png,0.0
,C:\Users\parki\Documents\GitHub\Python-Practice\Sleep Schedule\static\Augmented\augmented296.png,0.0
,C:\Users\parki\Documents\GitHub\Python-Practice\Sleep Schedule\static\Augmented\augmented297.png,1.0
,C:\Users\parki\Documents\GitHub\Python-Practice\Sleep Schedule\static\Augmented\augmented298.png,1.0
,C:\Users\parki\Documents\GitHub\Python-Practice\Sleep Schedule\static\Augmented\augmented299.png,1.0
,C:\Users\parki\Documents\GitHub\Python-Practice\Sleep Schedule\static\Augmented\augmented300.png,2.0
,C:\Users\parki\Documents\GitHub\Python-Practice\Sleep Schedule\static\Augmented\augmented301.png,1.0
,C:\Users\parki\Documents\GitHub\Python-Practice\Sleep Schedule\static\Augmented\augmented302.png,2.0
,C:\Users\parki\Documents\GitHub\Python-Practice\Sleep Schedule\static\Augmented\augmented303.png,0.0
,C:\Users\parki\Documents\GitHub\Python-Practice\Sleep Schedule\static\Augmented\augmented304.png,0.0
,C:\Users\parki\Documents\GitHub\Python-Practice\Sleep Schedule\static\Augmented\augmented305.png,1.0
,C:\Users\parki\Documents\GitHub\Python-Practice\Sleep Schedule\static\Augmented\augmented306.png,2.0
,C:\Users\parki\Documents\GitHub\Python-Practice\Sleep Schedule\static\Augmented\augmented307.png,1.0
,C:\Users\parki\Documents\GitHub\Python-Practice\Sleep Schedule\static\Augmented\augmented308.png,2.0
,C:\Users\parki\Documents\GitHub\Python-Practice\Sleep Schedule\static\Augmented\augmented309.png,1.0
,C:\Users\parki\Documents\GitHub\Python-Practice\Sleep Schedule\static\Augmented\augmented310.png,0.0
,C:\Users\parki\Documents\GitHub\Python-Practice\Sleep Schedule\static\Augmented\augmented311.png,1.0
,C:\Users\parki\Documents\GitHub\Python-Practice\Sleep Schedule\static\Augmented\augmented312.png,1.0
,C:\Users\parki\Documents\GitHub\Python-Practice\Sleep Schedule\static\Augmented\augmented313.png,1.0
,C:\Users\parki\Documents\GitHub\Python-Practice\Sleep Schedule\static\Augmented\augmented314.png,2.0
,C:\Users\parki\Documents\GitHub\Python-Practice\Sleep Schedule\static\Augmented\augmented315.png,1.0
,C:\Users\parki\Documents\GitHub\Python-Practice\Sleep Schedule\static\Augmented\augmented316.png,1.0
,C:\Users\parki\Documents\GitHub\Python-Practice\Sleep Schedule\static\Augmented\augmented317.png,2.0
,C:\Users\parki\Documents\GitHub\Python-Practice\Sleep Schedule\static\Augmented\augmented318.png,2.0
,C:\Users\parki\Documents\GitHub\Python-Practice\Sleep Schedule\static\Augmented\augmented319.png,2.0
,C:\Users\parki\Documents\GitHub\Python-Practice\Sleep Schedule\static\Augmented\augmented320.png,1.0
,C:\Users\parki\Documents\GitHub\Python-Practice\Sleep Schedule\static\Augmented\augmented321.png,0.0
,C:\Users\parki\Documents\GitHub\Python-Practice\Sleep Schedule\static\Augmented\augmented322.png,0.0
,C:\Users\parki\Documents\GitHub\Python-Practice\Sleep Schedule\static\Augmented\augmented323.png,1.0
,C:\Users\parki\Documents\GitHub\Python-Practice\Sleep Schedule\static\Augmented\augmented324.png,1.0
,C:\Users\parki\Documents\GitHub\Python-Practice\Sleep Schedule\static\Augmented\augmented325.png,2.0
,C:\Users\parki\Documents\GitHub\Python-Practice\Sleep Schedule\static\Augmented\augmented326.png,2.0
,C:\Users\parki\Documents\GitHub\Python-Practice\Sleep Schedule\static\Augmented\augmented327.png,2.0
,C:\Users\parki\Documents\GitHub\Python-Practice\Sleep Schedule\static\Augmented\augmented328.png,0.0
,C:\Users\parki\Documents\GitHub\Python-Practice\Sleep Schedule\static\Augmented\augmented329.png,1.0
,C:\Users\parki\Documents\GitHub\Python-Practice\Sleep Schedule\static\Augmented\augmented330.png,1.0
,C:\Users\parki\Documents\GitHub\Python-Practice\Sleep Schedule\static\Augmented\augmented331.png,1.0
,C:\Users\parki\Documents\GitHub\Python-Practice\Sleep Schedule\static\Augmented\augmented332.png,2.0
,C:\Users\parki\Documents\GitHub\Python-Practice\Sleep Schedule\static\Augmented\augmented333.png,0.0
,C:\Users\parki\Documents\GitHub\Python-Practice\Sleep Schedule\static\Augmented\augmented334.png,1.0
,C:\Users\parki\Documents\GitHub\Python-Practice\Sleep Schedule\static\Augmented\augmented335.png,1.0
,C:\Users\parki\Documents\GitHub\Python-Practice\Sleep Schedule\static\Augmented\augmented336.png,2.0
,C:\Users\parki\Documents\GitHub\Python-Practice\Sleep Schedule\static\Augmented\augmented337.png,1.0
,C:\Users\parki\Documents\GitHub\Python-Practice\Sleep Schedule\static\Augmented\augmented338.png,1.0
,C:\Users\parki\Documents\GitHub\Python-Practice\Sleep Schedule\static\Augmented\augmented339.png,0.0
,C:\Users\parki\Documents\GitHub\Python-Practice\Sleep Schedule\static\Augmented\augmented340.png,1.0
,C:\Users\parki\Documents\GitHub\Python-Practice\Sleep Schedule\static\Augmented\augmented341.png,2.0
,C:\Users\parki\Documents\GitHub\Python-Practice\Sleep Schedule\static\Augmented\augmented342.png,1.0
,C:\Users\parki\Documents\GitHub\Python-Practice\Sleep Schedule\static\Augmented\augmented343.png,1.0
,C:\Users\parki\Documents\GitHub\Python-Practice\Sleep Schedule\static\Augmented\augmented344.png,1.0
,C:\Users\parki\Documents\GitHub\Python-Practice\Sleep Schedule\static\Augmented\augmented345.png,2.0
,C:\Users\parki\Documents\GitHub\Python-Practice\Sleep Schedule\static\Augmented\augmented346.png,1.0
,C:\Users\parki\Documents\GitHub\Python-Practice\Sleep Schedule\static\Augmented\augmented347.png,2.0
,C:\Users\parki\Documents\GitHub\Python-Practice\Sleep Schedule\static\Augmented\augmented348.png,0.0
,C:\Users\parki\Documents\GitHub\Python-Practice\Sleep Schedule\static\Augmented\augmented349.png,1.0
,C:\Users\parki\Documents\GitHub\Python-Practice\Sleep Schedule\static\Augmented\augmented350.png,2.0
,C:\Users\parki\Documents\GitHub\Python-Practice\Sleep Schedule\static\Augmented\augmented351.png,0.0
,C:\Users\parki\Documents\GitHub\Python-Practice\Sleep Schedule\static\Augmented\augmented352.png,0.0
,C:\Users\parki\Documents\GitHub\Python-Practice\Sleep Schedule\static\Augmented\augmented353.png,0.0
,C:\Users\parki\Documents\GitHub\Python-Practice\Sleep Schedule\static\Augmented\augmented354.png,1.0
,C:\Users\parki\Documents\GitHub\Python-Practice\Sleep Schedule\static\Augmented\augmented355.png,1.0
,C:\Users\parki\Documents\GitHub\Python-Practice\Sleep Schedule\static\Augmented\augmented356.png,0.0
,C:\Users\parki\Documents\GitHub\Python-Practice\Sleep Schedule\static\Augmented\augmented357.png,0.0
,C:\Users\parki\Documents\GitHub\Python-Practice\Sleep Schedule\static\Augmented\augmented358.png,1.0
,C:\Users\parki\Documents\GitHub\Python-Practice\Sleep Schedule\static\Augmented\augmented359.png,1.0
,C:\Users\parki\Documents\GitHub\Python-Practice\Sleep Schedule\static\Augmented\augmented360.png,2.0
,C:\Users\parki\Documents\GitHub\Python-Practice\Sleep Schedule\static\Augmented\augmented361.png,1.0
,C:\Users\parki\Documents\GitHub\Python-Practice\Sleep Schedule\static\Augmented\augmented362.png,0.0
,C:\Users\parki\Documents\GitHub\Python-Practice\Sleep Schedule\static\Augmented\augmented363.png,1.0
,C:\Users\parki\Documents\GitHub\Python-Practice\Sleep Schedule\static\Augmented\augmented364.png,2.0
,C:\Users\parki\Documents\GitHub\Python-Practice\Sleep Schedule\static\Augmented\augmented365.png,2.0
,C:\Users\parki\Documents\GitHub\Python-Practice\Sleep Schedule\static\Augmented\augmented366.png,0.0
,C:\Users\parki\Documents\GitHub\Python-Practice\Sleep Schedule\static\Augmented\augmented367.png,1.0
,C:\Users\parki\Documents\GitHub\Python-Practice\Sleep Schedule\static\Augmented\augmented368.png,0.0
,C:\Users\parki\Documents\GitHub\Python-Practice\Sleep Schedule\static\Augmented\augmented369.png,2.0
,C:\Users\parki\Documents\GitHub\Python-Practice\Sleep Schedule\static\Augmented\augmented370.png,1.0
,C:\Users\parki\Documents\GitHub\Python-Practice\Sleep Schedule\static\Augmented\augmented371.png,0.0
,C:\Users\parki\Documents\GitHub\Python-Practice\Sleep Schedule\static\Augmented\augmented372.png,1.0
,C:\Users\parki\Documents\GitHub\Python-Practice\Sleep Schedule\static\Augmented\augmented373.png,1.0
,C:\Users\parki\Documents\GitHub\Python-Practice\Sleep Schedule\static\Augmented\augmented374.png,2.0
,C:\Users\parki\Documents\GitHub\Python-Practice\Sleep Schedule\static\Augmented\augmented375.png,2.0
,C:\Users\parki\Documents\GitHub\Python-Practice\Sleep Schedule\static\Augmented\augmented376.png,1.0
,C:\Users\parki\Documents\GitHub\Python-Practice\Sleep Schedule\static\Augmented\augmented377.png,1.0
,C:\Users\parki\Documents\GitHub\Python-Practice\Sleep Schedule\static\Augmented\augmented378.png,2.0
,C:\Users\parki\Documents\GitHub\Python-Practice\Sleep Schedule\static\Augmented\augmented379.png,2.0
,C:\Users\parki\Documents\GitHub\Python-Practice\Sleep Schedule\static\Augmented\augmented380.png,1.0
,C:\Users\parki\Documents\GitHub\Python-Practice\Sleep Schedule\static\Augmented\augmented381.png,1.0
,C:\Users\parki\Documents\GitHub\Python-Practice\Sleep Schedule\static\Augmented\augmented382.png,1.0
,C:\Users\parki\Documents\GitHub\Python-Practice\Sleep Schedule\static\Augmented\augmented383.png,0.0
,C:\Users\parki\Documents\GitHub\Python-Practice\Sleep Schedule\static\Augmented\augmented384.png,1.0
,C:\Users\parki\Documents\GitHub\Python-Practice\Sleep Schedule\static\Augmented\augmented385.png,1.0
,C:\Users\parki\Documents\GitHub\Python-Practice\Sleep Schedule\static\Augmented\augmented386.png,1.0
,C:\Users\parki\Documents\GitHub\Python-Practice\Sleep Schedule\static\Augmented\augmented387.png,2.0
,C:\Users\parki\Documents\GitHub\Python-Practice\Sleep Schedule\static\Augmented\augmented388.png,2.0
,C:\Users\parki\Documents\GitHub\Python-Practice\Sleep Schedule\static\Augmented\augmented389.png,2.0
,C:\Users\parki\Documents\GitHub\Python-Practice\Sleep Schedule\static\Augmented\augmented390.png,1.0
,C:\Users\parki\Documents\GitHub\Python-Practice\Sleep Schedule\static\Augmented\augmented391.png,1.0
,C:\Users\parki\Documents\GitHub\Python-Practice\Sleep Schedule\static\Augmented\augmented392.png,1.0
,C:\Users\parki\Documents\GitHub\Python-Practice\Sleep Schedule\static\Augmented\augmented393.png,1.0
,C:\Users\parki\Documents\GitHub\Python-Practice\Sleep Schedule\static\Augmented\augmented394.png,1.0
,C:\Users\parki\Documents\GitHub\Python-Practice\Sleep Schedule\static\Augmented\augmented395.png,1.0
,C:\Users\parki\Documents\GitHub\Python-Practice\Sleep Schedule\static\Augmented\augmented396.png,0.0
,C:\Users\parki\Documents\GitHub\Python-Practice\Sleep Schedule\static\Augmented\augmented397.png,0.0
,C:\Users\parki\Documents\GitHub\Python-Practice\Sleep Schedule\static\Augmented\augmented398.png,1.0
,C:\Users\parki\Documents\GitHub\Python-Practice\Sleep Schedule\static\Augmented\augmented399.png,0.0
,C:\Users\parki\Documents\GitHub\Python-Practice\Sleep Schedule\static\Augmented\augmented400.png,1.0
,C:\Users\parki\Documents\GitHub\Python-Practice\Sleep Schedule\static\Augmented\augmented401.png,0.0
,C:\Users\parki\Documents\GitHub\Python-Practice\Sleep Schedule\static\Augmented\augmented402.png,1.0
,C:\Users\parki\Documents\GitHub\Python-Practice\Sleep Schedule\static\Augmented\augmented403.png,1.0
,C:\Users\parki\Documents\GitHub\Python-Practice\Sleep Schedule\static\Augmented\augmented404.png,1.0
,C:\Users\parki\Documents\GitHub\Python-Practice\Sleep Schedule\static\Augmented\augmented405.png,0.0
,C:\Users\parki\Documents\GitHub\Python-Practice\Sleep Schedule\static\Augmented\augmented406.png,0.0
,C:\Users\parki\Documents\GitHub\Python-Practice\Sleep Schedule\static\Augmented\augmented407.png,1.0
,C:\Users\parki\Documents\GitHub\Python-Practice\Sleep Schedule\static\Augmented\augmented408.png,2.0
,C:\Users\parki\Documents\GitHub\Python-Practice\Sleep Schedule\static\Augmented\augmented409.png,0.0
,C:\Users\parki\Documents\GitHub\Python-Practice\Sleep Schedule\static\Augmented\augmented410.png,1.0
,C:\Users\parki\Documents\GitHub\Python-Practice\Sleep Schedule\static\Augmented\augmented411.png,0.0
,C:\Users\parki\Documents\GitHub\Python-Practice\Sleep Schedule\static\Augmented\augmented412.png,2.0
,C:\Users\parki\Documents\GitHub\Python-Practice\Sleep Schedule\static\Augmented\augmented413.png,0.0
,C:\Users\parki\Documents\GitHub\Python-Practice\Sleep Schedule\static\Augmented\augmented414.png,1.0
,C:\Users\parki\Documents\GitHub\Python-Practice\Sleep Schedule\static\Augmented\augmented415.png,1.0
,C:\Users\parki\Documents\GitHub\Python-Practice\Sleep Schedule\static\Augmented\augmented416.png,2.0
,C:\Users\parki\Documents\GitHub\Python-Practice\Sleep Schedule\static\Augmented\augmented417.png,1.0
,C:\Users\parki\Documents\GitHub\Python-Practice\Sleep Schedule\static\Augmented\augmented418.png,1.0
,C:\Users\parki\Documents\GitHub\Python-Practice\Sleep Schedule\static\Augmented\augmented419.png,2.0
,C:\Users\parki\Documents\GitHub\Python-Practice\Sleep Schedule\static\Augmented\augmented420.png,0.0
,C:\Users\parki\Documents\GitHub\Python-Practice\Sleep Schedule\static\Augmented\augmented421.png,2.0
,C:\Users\parki\Documents\GitHub\Python-Practice\Sleep Schedule\static\Augmented\augmented422.png,1.0
,C:\Users\parki\Documents\GitHub\Python-Practice\Sleep Schedule\static\Augmented\augmented423.png,2.0
,C:\Users\parki\Documents\GitHub\Python-Practice\Sleep Schedule\static\Augmented\augmented424.png,1.0
,C:\Users\parki\Documents\GitHub\Python-Practice\Sleep Schedule\static\Augmented\augmented425.png,1.0
,C:\Users\parki\Documents\GitHub\Python-Practice\Sleep Schedule\static\Augmented\augmented426.png,0.0
,C:\Users\parki\Documents\GitHub\Python-Practice\Sleep Schedule\static\Augmented\augmented427.png,0.0
,C:\Users\parki\Documents\GitHub\Python-Practice\Sleep Schedule\static\Augmented\augmented428.png,1.0
,C:\Users\parki\Documents\GitHub\Python-Practice\Sleep Schedule\static\Augmented\augmented429.png,1.0
,C:\Users\parki\Documents\GitHub\Python-Practice\Sleep Schedule\static\Augmented\augmented430.png,2.0
,C:\Users\parki\Documents\GitHub\Python-Practice\Sleep Schedule\static\Augmented\augmented431.png,2.0
,C:\Users\parki\Documents\GitHub\Python-Practice\Sleep Schedule\static\Augmented\augmented432.png,0.0
,C:\Users\parki\Documents\GitHub\Python-Practice\Sleep Schedule\static\Augmented\augmented433.png,2.0
,C:\Users\parki\Documents\GitHub\Python-Practice\Sleep Schedule\static\Augmented\augmented434.png,2.0
,C:\Users\parki\Documents\GitHub\Python-Practice\Sleep Schedule\static\Augmented\augmented435.png,2.0
,C:\Users\parki\Documents\GitHub\Python-Practice\Sleep Schedule\static\Augmented\augmented436.png,0.0
,C:\Users\parki\Documents\GitHub\Python-Practice\Sleep Schedule\static\Augmented\augmented437.png,1.0
,C:\Users\parki\Documents\GitHub\Python-Practice\Sleep Schedule\static\Augmented\augmented438.png,2.0
,C:\Users\parki\Documents\GitHub\Python-Practice\Sleep Schedule\static\Augmented\augmented439.png,1.0
,C:\Users\parki\Documents\GitHub\Python-Practice\Sleep Schedule\static\Augmented\augmented440.png,2.0
,C:\Users\parki\Documents\GitHub\Python-Practice\Sleep Schedule\static\Augmented\augmented441.png,0.0
,C:\Users\parki\Documents\GitHub\Python-Practice\Sleep Schedule\static\Augmented\augmented442.png,0.0
,C:\Users\parki\Documents\GitHub\Python-Practice\Sleep Schedule\static\Augmented\augmented443.png,2.0
,C:\Users\parki\Documents\GitHub\Python-Practice\Sleep Schedule\static\Augmented\augmented444.png,1.0
,C:\Users\parki\Documents\GitHub\Python-Practice\Sleep Schedule\static\Augmented\augmented445.png,1.0
,C:\Users\parki\Documents\GitHub\Python-Practice\Sleep Schedule\static\Augmented\augmented446.png,2.0
,C:\Users\parki\Documents\GitHub\Python-Practice\Sleep Schedule\static\Augmented\augmented447.png,1.0
,C:\Users\parki\Documents\GitHub\Python-Practice\Sleep Schedule\static\Augmented\augmented448.png,0.0
,C:\Users\parki\Documents\GitHub\Python-Practice\Sleep Schedule\static\Augmented\augmented449.png,2.0
,C:\Users\parki\Documents\GitHub\Python-Practice\Sleep Schedule\static\Augmented\augmented450.png,1.0
,C:\Users\parki\Documents\GitHub\Python-Practice\Sleep Schedule\static\Augmented\augmented451.png,0.0
,C:\Users\parki\Documents\GitHub\Python-Practice\Sleep Schedule\static\Augmented\augmented452.png,1.0
,C:\Users\parki\Documents\GitHub\Python-Practice\Sleep Schedule\static\Augmented\augmented453.png,0.0
,C:\Users\parki\Documents\GitHub\Python-Practice\Sleep Schedule\static\Augmented\augmented454.png,0.0
,C:\Users\parki\Documents\GitHub\Python-Practice\Sleep Schedule\static\Augmented\augmented455.png,2.0
,C:\Users\parki\Documents\GitHub\Python-Practice\Sleep Schedule\static\Augmented\augmented456.png,1.0
,C:\Users\parki\Documents\GitHub\Python-Practice\Sleep Schedule\static\Augmented\augmented457.png,1.0
,C:\Users\parki\Documents\GitHub\Python-Practice\Sleep Schedule\static\Augmented\augmented458.png,1.0
,C:\Users\parki\Documents\GitHub\Python-Practice\Sleep Schedule\static\Augmented\augmented459.png,1.0
,C:\Users\parki\Documents\GitHub\Python-Practice\Sleep Schedule\static\Augmented\augmented460.png,0.0
,C:\Users\parki\Documents\GitHub\Python-Practice\Sleep Schedule\static\Augmented\augmented461.png,1.0
,C:\Users\parki\Documents\GitHub\Python-Practice\Sleep Schedule\static\Augmented\augmented462.png,1.0
,C:\Users\parki\Documents\GitHub\Python-Practice\Sleep Schedule\static\Augmented\augmented463.png,2.0
,C:\Users\parki\Documents\GitHub\Python-Practice\Sleep Schedule\static\Augmented\augmented464.png,2.0
,C:\Users\parki\Documents\GitHub\Python-Practice\Sleep Schedule\static\Augmented\augmented465.png,2.0
,C:\Users\parki\Documents\GitHub\Python-Practice\Sleep Schedule\static\Augmented\augmented466.png,0.0
,C:\Users\parki\Documents\GitHub\Python-Practice\Sleep Schedule\static\Augmented\augmented467.png,0.0
,C:\Users\parki\Documents\GitHub\Python-Practice\Sleep Schedule\static\Augmented\augmented468.png,1.0
,C:\Users\parki\Documents\GitHub\Python-Practice\Sleep Schedule\static\Augmented\augmented469.png,2.0
,C:\Users\parki\Documents\GitHub\Python-Practice\Sleep Schedule\static\Augmented\augmented470.png,0.0
,C:\Users\parki\Documents\GitHub\Python-Practice\Sleep Schedule\static\Augmented\augmented471.png,2.0
,C:\Users\parki\Documents\GitHub\Python-Practice\Sleep Schedule\static\Augmented\augmented472.png,1.0
,C:\Users\parki\Documents\GitHub\Python-Practice\Sleep Schedule\static\Augmented\augmented473.png,2.0
,C:\Users\parki\Documents\GitHub\Python-Practice\Sleep Schedule\static\Augmented\augmented474.png,0.0
,C:\Users\parki\Documents\GitHub\Python-Practice\Sleep Schedule\static\Augmented\augmented475.png,1.0
,C:\Users\parki\Documents\GitHub\Python-Practice\Sleep Schedule\static\Augmented\augmented476.png,0.0
,C:\Users\parki\Documents\GitHub\Python-Practice\Sleep Schedule\static\Augmented\augmented477.png,1.0
,C:\Users\parki\Documents\GitHub\Python-Practice\Sleep Schedule\static\Augmented\augmented478.png,1.0
,C:\Users\parki\Documents\GitHub\Python-Practice\Sleep Schedule\static\Augmented\augmented479.png,0.0
,C:\Users\parki\Documents\GitHub\Python-Practice\Sleep Schedule\static\Augmented\augmented480.png,0.0
,C:\Users\parki\Documents\GitHub\Python-Practice\Sleep Schedule\static\Augmented\augmented481.png,2.0
,C:\Users\parki\Documents\GitHub\Python-Practice\Sleep Schedule\static\Augmented\augmented482.png,2.0
,C:\Users\parki\Documents\GitHub\Python-Practice\Sleep Schedule\static\Augmented\augmented483.png,2.0
,C:\Users\parki\Documents\GitHub\Python-Practice\Sleep Schedule\static\Augmented\augmented484.png,1.0
,C:\Users\parki\Documents\GitHub\Python-Practice\Sleep Schedule\static\Augmented\augmented485.png,1.0
,C:\Users\parki\Documents\GitHub\Python-Practice\Sleep Schedule\static\Augmented\augmented486.png,2.0
,C:\Users\parki\Documents\GitHub\Python-Practice\Sleep Schedule\static\Augmented\augmented487.png,1.0
,C:\Users\parki\Documents\GitHub\Python-Practice\Sleep Schedule\static\Augmented\augmented488.png,0.0
,C:\Users\parki\Documents\GitHub\Python-Practice\Sleep Schedule\static\Augmented\augmented489.png,1.0
,C:\Users\parki\Documents\GitHub\Python-Practice\Sleep Schedule\static\Augmented\augmented490.png,1.0
,C:\Users\parki\Documents\GitHub\Python-Practice\Sleep Schedule\static\Augmented\augmented491.png,1.0
,C:\Users\parki\Documents\GitHub\Python-Practice\Sleep Schedule\static\Augmented\augmented492.png,0.0
,C:\Users\parki\Documents\GitHub\Python-Practice\Sleep Schedule\static\Augmented\augmented493.png,0.0
,C:\Users\parki\Documents\GitHub\Python-Practice\Sleep Schedule\static\Augmented\augmented494.png,1.0
,C:\Users\parki\Documents\GitHub\Python-Practice\Sleep Schedule\static\Augmented\augmented495.png,1.0
,C:\Users\parki\Documents\GitHub\Python-Practice\Sleep Schedule\static\Augmented\augmented496.png,1.0
,C:\Users\parki\Documents\GitHub\Python-Practice\Sleep Schedule\static\Augmented\augmented497.png,1.0
,C:\Users\parki\Documents\GitHub\Python-Practice\Sleep Schedule\static\Augmented\augmented498.png,0.0
,C:\Users\parki\Documents\GitHub\Python-Practice\Sleep Schedule\static\Augmented\augmented499.png,0.0
,C:\Users\parki\Documents\GitHub\Python-Practice\Sleep Schedule\static\Augmented\augmented500.png,2.0
,C:\Users\parki\Documents\GitHub\Python-Practice\Sleep Schedule\static\Augmented\augmented501.png,1.0
,C:\Users\parki\Documents\GitHub\Python-Practice\Sleep Schedule\static\Augmented\augmented502.png,2.0
,C:\Users\parki\Documents\GitHub\Python-Practice\Sleep Schedule\static\Augmented\augmented503.png,2.0
,C:\Users\parki\Documents\GitHub\Python-Practice\Sleep Schedule\static\Augmented\augmented504.png,2.0
,C:\Users\parki\Documents\GitHub\Python-Practice\Sleep Schedule\static\Augmented\augmented505.png,1.0
,C:\Users\parki\Documents\GitHub\Python-Practice\Sleep Schedule\static\Augmented\augmented506.png,2.0
,C:\Users\parki\Documents\GitHub\Python-Practice\Sleep Schedule\static\Augmented\augmented507.png,0.0
,C:\Users\parki\Documents\GitHub\Python-Practice\Sleep Schedule\static\Augmented\augmented508.png,2.0
,C:\Users\parki\Documents\GitHub\Python-Practice\Sleep Schedule\static\Augmented\augmented509.png,1.0
,C:\Users\parki\Documents\GitHub\Python-Practice\Sleep Schedule\static\Augmented\augmented510.png,1.0
,C:\Users\parki\Documents\GitHub\Python-Practice\Sleep Schedule\static\Augmented\augmented511.png,0.0
,C:\Users\parki\Documents\GitHub\Python-Practice\Sleep Schedule\static\Augmented\augmented512.png,2.0
,C:\Users\parki\Documents\GitHub\Python-Practice\Sleep Schedule\static\Augmented\augmented513.png,0.0
,C:\Users\parki\Documents\GitHub\Python-Practice\Sleep Schedule\static\Augmented\augmented514.png,1.0
,C:\Users\parki\Documents\GitHub\Python-Practice\Sleep Schedule\static\Augmented\augmented515.png,2.0
,C:\Users\parki\Documents\GitHub\Python-Practice\Sleep Schedule\static\Augmented\augmented516.png,1.0
,C:\Users\parki\Documents\GitHub\Python-Practice\Sleep Schedule\static\Augmented\augmented517.png,1.0
,C:\Users\parki\Documents\GitHub\Python-Practice\Sleep Schedule\static\Augmented\augmented518.png,0.0
,C:\Users\parki\Documents\GitHub\Python-Practice\Sleep Schedule\static\Augmented\augmented519.png,1.0
,C:\Users\parki\Documents\GitHub\Python-Practice\Sleep Schedule\static\Augmented\augmented520.png,0.0
,C:\Users\parki\Documents\GitHub\Python-Practice\Sleep Schedule\static\Augmented\augmented521.png,1.0
,C:\Users\parki\Documents\GitHub\Python-Practice\Sleep Schedule\static\Augmented\augmented522.png,0.0
,C:\Users\parki\Documents\GitHub\Python-Practice\Sleep Schedule\static\Augmented\augmented523.png,1.0
,C:\Users\parki\Documents\GitHub\Python-Practice\Sleep Schedule\static\Augmented\augmented524.png,2.0
,C:\Users\parki\Documents\GitHub\Python-Practice\Sleep Schedule\static\Augmented\augmented525.png,2.0
,C:\Users\parki\Documents\GitHub\Python-Practice\Sleep Schedule\static\Augmented\augmented526.png,2.0
,C:\Users\parki\Documents\GitHub\Python-Practice\Sleep Schedule\static\Augmented\augmented527.png,2.0
,C:\Users\parki\Documents\GitHub\Python-Practice\Sleep Schedule\static\Augmented\augmented528.png,2.0
,C:\Users\parki\Documents\GitHub\Python-Practice\Sleep Schedule\static\Augmented\augmented529.png,1.0
,C:\Users\parki\Documents\GitHub\Python-Practice\Sleep Schedule\static\Augmented\augmented530.png,2.0
,C:\Users\parki\Documents\GitHub\Python-Practice\Sleep Schedule\static\Augmented\augmented531.png,0.0
,C:\Users\parki\Documents\GitHub\Python-Practice\Sleep Schedule\static\Augmented\augmented532.png,0.0
,C:\Users\parki\Documents\GitHub\Python-Practice\Sleep Schedule\static\Augmented\augmented533.png,2.0
,C:\Users\parki\Documents\GitHub\Python-Practice\Sleep Schedule\static\Augmented\augmented534.png,0.0
,C:\Users\parki\Documents\GitHub\Python-Practice\Sleep Schedule\static\Augmented\augmented535.png,1.0
,C:\Users\parki\Documents\GitHub\Python-Practice\Sleep Schedule\static\Augmented\augmented536.png,0.0
,C:\Users\parki\Documents\GitHub\Python-Practice\Sleep Schedule\static\Augmented\augmented537.png,1.0
,C:\Users\parki\Documents\GitHub\Python-Practice\Sleep Schedule\static\Augmented\augmented538.png,2.0
,C:\Users\parki\Documents\GitHub\Python-Practice\Sleep Schedule\static\Augmented\augmented539.png,1.0
,C:\Users\parki\Documents\GitHub\Python-Practice\Sleep Schedule\static\Augmented\augmented540.png,2.0
,C:\Users\parki\Documents\GitHub\Python-Practice\Sleep Schedule\static\Augmented\augmented541.png,0.0
,C:\Users\parki\Documents\GitHub\Python-Practice\Sleep Schedule\static\Augmented\augmented542.png,0.0
,C:\Users\parki\Documents\GitHub\Python-Practice\Sleep Schedule\static\Augmented\augmented543.png,1.0
,C:\Users\parki\Documents\GitHub\Python-Practice\Sleep Schedule\static\Augmented\augmented544.png,0.0
,C:\Users\parki\Documents\GitHub\Python-Practice\Sleep Schedule\static\Augmented\augmented545.png,2.0
,C:\Users\parki\Documents\GitHub\Python-Practice\Sleep Schedule\static\Augmented\augmented546.png,2.0
,C:\Users\parki\Documents\GitHub\Python-Practice\Sleep Schedule\static\Augmented\augmented547.png,1.0
,C:\Users\parki\Documents\GitHub\Python-Practice\Sleep Schedule\static\Augmented\augmented548.png,2.0
,C:\Users\parki\Documents\GitHub\Python-Practice\Sleep Schedule\static\Augmented\augmented549.png,1.0
,C:\Users\parki\Documents\GitHub\Python-Practice\Sleep Schedule\static\Augmented\augmented550.png,1.0
,C:\Users\parki\Documents\GitHub\Python-Practice\Sleep Schedule\static\Augmented\augmented551.png,1.0
,C:\Users\parki\Documents\GitHub\Python-Practice\Sleep Schedule\static\Augmented\augmented552.png,2.0
,C:\Users\parki\Documents\GitHub\Python-Practice\Sleep Schedule\static\Augmented\augmented553.png,1.0
,C:\Users\parki\Documents\GitHub\Python-Practice\Sleep Schedule\static\Augmented\augmented554.png,1.0
,C:\Users\parki\Documents\GitHub\Python-Practice\Sleep Schedule\static\Augmented\augmented555.png,1.0
,C:\Users\parki\Documents\GitHub\Python-Practice\Sleep Schedule\static\Augmented\augmented556.png,1.0
,C:\Users\parki\Documents\GitHub\Python-Practice\Sleep Schedule\static\Augmented\augmented557.png,2.0
,C:\Users\parki\Documents\GitHub\Python-Practice\Sleep Schedule\static\Augmented\augmented558.png,1.0
,C:\Users\parki\Documents\GitHub\Python-Practice\Sleep Schedule\static\Augmented\augmented559.png,0.0
,C:\Users\parki\Documents\GitHub\Python-Practice\Sleep Schedule\static\Augmented\augmented560.png,1.0
,C:\Users\parki\Documents\GitHub\Python-Practice\Sleep Schedule\static\Augmented\augmented561.png,1.0
,C:\Users\parki\Documents\GitHub\Python-Practice\Sleep Schedule\static\Augmented\augmented562.png,2.0
,C:\Users\parki\Documents\GitHub\Python-Practice\Sleep Schedule\static\Augmented\augmented563.png,1.0
,C:\Users\parki\Documents\GitHub\Python-Practice\Sleep Schedule\static\Augmented\augmented564.png,1.0
,C:\Users\parki\Documents\GitHub\Python-Practice\Sleep Schedule\static\Augmented\augmented565.png,1.0
,C:\Users\parki\Documents\GitHub\Python-Practice\Sleep Schedule\static\Augmented\augmented566.png,0.0
,C:\Users\parki\Documents\GitHub\Python-Practice\Sleep Schedule\static\Augmented\augmented567.png,1.0
,C:\Users\parki\Documents\GitHub\Python-Practice\Sleep Schedule\static\Augmented\augmented568.png,0.0
,C:\Users\parki\Documents\GitHub\Python-Practice\Sleep Schedule\static\Augmented\augmented569.png,2.0
,C:\Users\parki\Documents\GitHub\Python-Practice\Sleep Schedule\static\Augmented\augmented570.png,0.0
,C:\Users\parki\Documents\GitHub\Python-Practice\Sleep Schedule\static\Augmented\augmented571.png,0.0
,C:\Users\parki\Documents\GitHub\Python-Practice\Sleep Schedule\static\Augmented\augmented572.png,2.0
,C:\Users\parki\Documents\GitHub\Python-Practice\Sleep Schedule\static\Augmented\augmented573.png,2.0
,C:\Users\parki\Documents\GitHub\Python-Practice\Sleep Schedule\static\Augmented\augmented574.png,2.0
,C:\Users\parki\Documents\GitHub\Python-Practice\Sleep Schedule\static\Augmented\augmented575.png,0.0
,C:\Users\parki\Documents\GitHub\Python-Practice\Sleep Schedule\static\Augmented\augmented576.png,2.0
,C:\Users\parki\Documents\GitHub\Python-Practice\Sleep Schedule\static\Augmented\augmented577.png,1.0
,C:\Users\parki\Documents\GitHub\Python-Practice\Sleep Schedule\static\Augmented\augmented578.png,1.0
,C:\Users\parki\Documents\GitHub\Python-Practice\Sleep Schedule\static\Augmented\augmented579.png,0.0
,C:\Users\parki\Documents\GitHub\Python-Practice\Sleep Schedule\static\Augmented\augmented580.png,1.0
,C:\Users\parki\Documents\GitHub\Python-Practice\Sleep Schedule\static\Augmented\augmented581.png,1.0
,C:\Users\parki\Documents\GitHub\Python-Practice\Sleep Schedule\static\Augmented\augmented582.png,0.0
,C:\Users\parki\Documents\GitHub\Python-Practice\Sleep Schedule\static\Augmented\augmented583.png,1.0
,C:\Users\parki\Documents\GitHub\Python-Practice\Sleep Schedule\static\Augmented\augmented584.png,0.0
,C:\Users\parki\Documents\GitHub\Python-Practice\Sleep Schedule\static\Augmented\augmented585.png,1.0
,C:\Users\parki\Documents\GitHub\Python-Practice\Sleep Schedule\static\Augmented\augmented586.png,1.0
,C:\Users\parki\Documents\GitHub\Python-Practice\Sleep Schedule\static\Augmented\augmented587.png,2.0
,C:\Users\parki\Documents\GitHub\Python-Practice\Sleep Schedule\static\Augmented\augmented588.png,2.0
,C:\Users\parki\Documents\GitHub\Python-Practice\Sleep Schedule\static\Augmented\augmented589.png,2.0
,C:\Users\parki\Documents\GitHub\Python-Practice\Sleep Schedule\static\Augmented\augmented590.png,0.0
,C:\Users\parki\Documents\GitHub\Python-Practice\Sleep Schedule\static\Augmented\augmented591.png,2.0
,C:\Users\parki\Documents\GitHub\Python-Practice\Sleep Schedule\static\Augmented\augmented592.png,1.0
,C:\Users\parki\Documents\GitHub\Python-Practice\Sleep Schedule\static\Augmented\augmented593.png,2.0
,C:\Users\parki\Documents\GitHub\Python-Practice\Sleep Schedule\static\Augmented\augmented594.png,2.0
,C:\Users\parki\Documents\GitHub\Python-Practice\Sleep Schedule\static\Augmented\augmented595.png,1.0
,C:\Users\parki\Documents\GitHub\Python-Practice\Sleep Schedule\static\Augmented\augmented596.png,1.0
,C:\Users\parki\Documents\GitHub\Python-Practice\Sleep Schedule\static\Augmented\augmented597.png,1.0
,C:\Users\parki\Documents\GitHub\Python-Practice\Sleep Schedule\static\Augmented\augmented598.png,0.0
,C:\Users\parki\Documents\GitHub\Python-Practice\Sleep Schedule\static\Augmented\augmented599.png,1.0
,C:\Users\parki\Documents\GitHub\Python-Practice\Sleep Schedule\static\Augmented\augmented600.png,0.0
,C:\Users\parki\Documents\GitHub\Python-Practice\Sleep Schedule\static\Augmented\augmented601.png,2.0
,C:\Users\parki\Documents\GitHub\Python-Practice\Sleep Schedule\static\Augmented\augmented602.png,0.0
,C:\Users\parki\Documents\GitHub\Python-Practice\Sleep Schedule\static\Augmented\augmented603.png,0.0
,C:\Users\parki\Documents\GitHub\Python-Practice\Sleep Schedule\static\Augmented\augmented604.png,0.0
,C:\Users\parki\Documents\GitHub\Python-Practice\Sleep Schedule\static\Augmented\augmented605.png,2.0
,C:\Users\parki\Documents\GitHub\Python-Practice\Sleep Schedule\static\Augmented\augmented606.png,1.0
,C:\Users\parki\Documents\GitHub\Python-Practice\Sleep Schedule\static\Augmented\augmented607.png,2.0
,C:\Users\parki\Documents\GitHub\Python-Practice\Sleep Schedule\static\Augmented\augmented608.png,2.0
,C:\Users\parki\Documents\GitHub\Python-Practice\Sleep Schedule\static\Augmented\augmented609.png,0.0
,C:\Users\parki\Documents\GitHub\Python-Practice\Sleep Schedule\static\Augmented\augmented610.png,0.0
,C:\Users\parki\Documents\GitHub\Python-Practice\Sleep Schedule\static\Augmented\augmented611.png,2.0
,C:\Users\parki\Documents\GitHub\Python-Practice\Sleep Schedule\static\Augmented\augmented612.png,2.0
,C:\Users\parki\Documents\GitHub\Python-Practice\Sleep Schedule\static\Augmented\augmented613.png,0.0
,C:\Users\parki\Documents\GitHub\Python-Practice\Sleep Schedule\static\Augmented\augmented614.png,0.0
,C:\Users\parki\Documents\GitHub\Python-Practice\Sleep Schedule\static\Augmented\augmented615.png,1.0
,C:\Users\parki\Documents\GitHub\Python-Practice\Sleep Schedule\static\Augmented\augmented616.png,1.0
,C:\Users\parki\Documents\GitHub\Python-Practice\Sleep Schedule\static\Augmented\augmented617.png,1.0
,C:\Users\parki\Documents\GitHub\Python-Practice\Sleep Schedule\static\Augmented\augmented618.png,1.0
,C:\Users\parki\Documents\GitHub\Python-Practice\Sleep Schedule\static\Augmented\augmented619.png,1.0
,C:\Users\parki\Documents\GitHub\Python-Practice\Sleep Schedule\static\Augmented\augmented620.png,1.0
,C:\Users\parki\Documents\GitHub\Python-Practice\Sleep Schedule\static\Augmented\augmented621.png,1.0
,C:\Users\parki\Documents\GitHub\Python-Practice\Sleep Schedule\static\Augmented\augmented622.png,1.0
,C:\Users\parki\Documents\GitHub\Python-Practice\Sleep Schedule\static\Augmented\augmented623.png,1.0
,C:\Users\parki\Documents\GitHub\Python-Practice\Sleep Schedule\static\Augmented\augmented624.png,0.0
,C:\Users\parki\Documents\GitHub\Python-Practice\Sleep Schedule\static\Augmented\augmented625.png,1.0
,C:\Users\parki\Documents\GitHub\Python-Practice\Sleep Schedule\static\Augmented\augmented626.png,1.0
,C:\Users\parki\Documents\GitHub\Python-Practice\Sleep Schedule\static\Augmented\augmented627.png,1.0
,C:\Users\parki\Documents\GitHub\Python-Practice\Sleep Schedule\static\Augmented\augmented628.png,0.0
,C:\Users\parki\Documents\GitHub\Python-Practice\Sleep Schedule\static\Augmented\augmented629.png,1.0
,C:\Users\parki\Documents\GitHub\Python-Practice\Sleep Schedule\static\Augmented\augmented630.png,2.0
,C:\Users\parki\Documents\GitHub\Python-Practice\Sleep Schedule\static\Augmented\augmented631.png,1.0
,C:\Users\parki\Documents\GitHub\Python-Practice\Sleep Schedule\static\Augmented\augmented632.png,2.0
,C:\Users\parki\Documents\GitHub\Python-Practice\Sleep Schedule\static\Augmented\augmented633.png,1.0
,C:\Users\parki\Documents\GitHub\Python-Practice\Sleep Schedule\static\Augmented\augmented634.png,2.0
,C:\Users\parki\Documents\GitHub\Python-Practice\Sleep Schedule\static\Augmented\augmented635.png,1.0
,C:\Users\parki\Documents\GitHub\Python-Practice\Sleep Schedule\static\Augmented\augmented636.png,1.0
,C:\Users\parki\Documents\GitHub\Python-Practice\Sleep Schedule\static\Augmented\augmented637.png,0.0
,C:\Users\parki\Documents\GitHub\Python-Practice\Sleep Schedule\static\Augmented\augmented638.png,2.0
,C:\Users\parki\Documents\GitHub\Python-Practice\Sleep Schedule\static\Augmented\augmented639.png,1.0
,C:\Users\parki\Documents\GitHub\Python-Practice\Sleep Schedule\static\Augmented\augmented640.png,1.0
,C:\Users\parki\Documents\GitHub\Python-Practice\Sleep Schedule\static\Augmented\augmented641.png,2.0
,C:\Users\parki\Documents\GitHub\Python-Practice\Sleep Schedule\static\Augmented\augmented642.png,1.0
,C:\Users\parki\Documents\GitHub\Python-Practice\Sleep Schedule\static\Augmented\augmented643.png,0.0
,C:\Users\parki\Documents\GitHub\Python-Practice\Sleep Schedule\static\Augmented\augmented644.png,1.0
,C:\Users\parki\Documents\GitHub\Python-Practice\Sleep Schedule\static\Augmented\augmented645.png,0.0
,C:\Users\parki\Documents\GitHub\Python-Practice\Sleep Schedule\static\Augmented\augmented646.png,1.0
,C:\Users\parki\Documents\GitHub\Python-Practice\Sleep Schedule\static\Augmented\augmented647.png,1.0
,C:\Users\parki\Documents\GitHub\Python-Practice\Sleep Schedule\static\Augmented\augmented648.png,1.0
,C:\Users\parki\Documents\GitHub\Python-Practice\Sleep Schedule\static\Augmented\augmented649.png,0.0
,C:\Users\parki\Documents\GitHub\Python-Practice\Sleep Schedule\static\Augmented\augmented650.png,2.0
,C:\Users\parki\Documents\GitHub\Python-Practice\Sleep Schedule\static\Augmented\augmented651.png,0.0
,C:\Users\parki\Documents\GitHub\Python-Practice\Sleep Schedule\static\Augmented\augmented652.png,0.0
,C:\Users\parki\Documents\GitHub\Python-Practice\Sleep Schedule\static\Augmented\augmented653.png,1.0
,C:\Users\parki\Documents\GitHub\Python-Practice\Sleep Schedule\static\Augmented\augmented654.png,2.0
,C:\Users\parki\Documents\GitHub\Python-Practice\Sleep Schedule\static\Augmented\augmented655.png,2.0
,C:\Users\parki\Documents\GitHub\Python-Practice\Sleep Schedule\static\Augmented\augmented656.png,0.0
,C:\Users\parki\Documents\GitHub\Python-Practice\Sleep Schedule\static\Augmented\augmented657.png,1.0
,C:\Users\parki\Documents\GitHub\Python-Practice\Sleep Schedule\static\Augmented\augmented658.png,1.0
,C:\Users\parki\Documents\GitHub\Python-Practice\Sleep Schedule\static\Augmented\augmented659.png,2.0
,C:\Users\parki\Documents\GitHub\Python-Practice\Sleep Schedule\static\Augmented\augmented660.png,2.0
,C:\Users\parki\Documents\GitHub\Python-Practice\Sleep Schedule\static\Augmented\augmented661.png,1.0
,C:\Users\parki\Documents\GitHub\Python-Practice\Sleep Schedule\static\Augmented\augmented662.png,2.0
,C:\Users\parki\Documents\GitHub\Python-Practice\Sleep Schedule\static\Augmented\augmented663.png,1.0
,C:\Users\parki\Documents\GitHub\Python-Practice\Sleep Schedule\static\Augmented\augmented664.png,1.0
,C:\Users\parki\Documents\GitHub\Python-Practice\Sleep Schedule\static\Augmented\augmented665.png,0.0
,C:\Users\parki\Documents\GitHub\Python-Practice\Sleep Schedule\static\Augmented\augmented666.png,0.0
,C:\Users\parki\Documents\GitHub\Python-Practice\Sleep Schedule\static\Augmented\augmented667.png,0.0
,C:\Users\parki\Documents\GitHub\Python-Practice\Sleep Schedule\static\Augmented\augmented668.png,0.0
,C:\Users\parki\Documents\GitHub\Python-Practice\Sleep Schedule\static\Augmented\augmented669.png,1.0
,C:\Users\parki\Documents\GitHub\Python-Practice\Sleep Schedule\static\Augmented\augmented670.png,0.0
,C:\Users\parki\Documents\GitHub\Python-Practice\Sleep Schedule\static\Augmented\augmented671.png,0.0
,C:\Users\parki\Documents\GitHub\Python-Practice\Sleep Schedule\static\Augmented\augmented672.png,0.0
,C:\Users\parki\Documents\GitHub\Python-Practice\Sleep Schedule\static\Augmented\augmented673.png,1.0
,C:\Users\parki\Documents\GitHub\Python-Practice\Sleep Schedule\static\Augmented\augmented674.png,0.0
,C:\Users\parki\Documents\GitHub\Python-Practice\Sleep Schedule\static\Augmented\augmented675.png,1.0
,C:\Users\parki\Documents\GitHub\Python-Practice\Sleep Schedule\static\Augmented\augmented676.png,1.0
,C:\Users\parki\Documents\GitHub\Python-Practice\Sleep Schedule\static\Augmented\augmented677.png,1.0
,C:\Users\parki\Documents\GitHub\Python-Practice\Sleep Schedule\static\Augmented\augmented678.png,1.0
,C:\Users\parki\Documents\GitHub\Python-Practice\Sleep Schedule\static\Augmented\augmented679.png,0.0
,C:\Users\parki\Documents\GitHub\Python-Practice\Sleep Schedule\static\Augmented\augmented680.png,1.0
,C:\Users\parki\Documents\GitHub\Python-Practice\Sleep Schedule\static\Augmented\augmented681.png,1.0
,C:\Users\parki\Documents\GitHub\Python-Practice\Sleep Schedule\static\Augmented\augmented682.png,0.0
,C:\Users\parki\Documents\GitHub\Python-Practice\Sleep Schedule\static\Augmented\augmented683.png,0.0
,C:\Users\parki\Documents\GitHub\Python-Practice\Sleep Schedule\static\Augmented\augmented684.png,2.0
,C:\Users\parki\Documents\GitHub\Python-Practice\Sleep Schedule\static\Augmented\augmented685.png,2.0
,C:\Users\parki\Documents\GitHub\Python-Practice\Sleep Schedule\static\Augmented\augmented686.png,1.0
,C:\Users\parki\Documents\GitHub\Python-Practice\Sleep Schedule\static\Augmented\augmented687.png,0.0
,C:\Users\parki\Documents\GitHub\Python-Practice\Sleep Schedule\static\Augmented\augmented688.png,1.0
,C:\Users\parki\Documents\GitHub\Python-Practice\Sleep Schedule\static\Augmented\augmented689.png,2.0
,C:\Users\parki\Documents\GitHub\Python-Practice\Sleep Schedule\static\Augmented\augmented690.png,2.0
,C:\Users\parki\Documents\GitHub\Python-Practice\Sleep Schedule\static\Augmented\augmented691.png,2.0
,C:\Users\parki\Documents\GitHub\Python-Practice\Sleep Schedule\static\Augmented\augmented692.png,1.0
,C:\Users\parki\Documents\GitHub\Python-Practice\Sleep Schedule\static\Augmented\augmented693.png,2.0
,C:\Users\parki\Documents\GitHub\Python-Practice\Sleep Schedule\static\Augmented\augmented694.png,2.0
,C:\Users\parki\Documents\GitHub\Python-Practice\Sleep Schedule\static\Augmented\augmented695.png,2.0
,C:\Users\parki\Documents\GitHub\Python-Practice\Sleep Schedule\static\Augmented\augmented696.png,2.0
,C:\Users\parki\Documents\GitHub\Python-Practice\Sleep Schedule\static\Augmented\augmented697.png,0.0
,C:\Users\parki\Documents\GitHub\Python-Practice\Sleep Schedule\static\Augmented\augmented698.png,1.0
,C:\Users\parki\Documents\GitHub\Python-Practice\Sleep Schedule\static\Augmented\augmented699.png,2.0
,C:\Users\parki\Documents\GitHub\Python-Practice\Sleep Schedule\static\Augmented\augmented700.png,2.0
,C:\Users\parki\Documents\GitHub\Python-Practice\Sleep Schedule\static\Augmented\augmented701.png,1.0
,C:\Users\parki\Documents\GitHub\Python-Practice\Sleep Schedule\static\Augmented\augmented702.png,0.0
,C:\Users\parki\Documents\GitHub\Python-Practice\Sleep Schedule\static\Augmented\augmented703.png,1.0
,C:\Users\parki\Documents\GitHub\Python-Practice\Sleep Schedule\static\Augmented\augmented704.png,1.0
,C:\Users\parki\Documents\GitHub\Python-Practice\Sleep Schedule\static\Augmented\augmented705.png,0.0
,C:\Users\parki\Documents\GitHub\Python-Practice\Sleep Schedule\static\Augmented\augmented706.png,0.0
,C:\Users\parki\Documents\GitHub\Python-Practice\Sleep Schedule\static\Augmented\augmented707.png,1.0
,C:\Users\parki\Documents\GitHub\Python-Practice\Sleep Schedule\static\Augmented\augmented708.png,1.0
,C:\Users\parki\Documents\GitHub\Python-Practice\Sleep Schedule\static\Augmented\augmented709.png,2.0
,C:\Users\parki\Documents\GitHub\Python-Practice\Sleep Schedule\static\Augmented\augmented710.png,1.0
,C:\Users\parki\Documents\GitHub\Python-Practice\Sleep Schedule\static\Augmented\augmented711.png,2.0
,C:\Users\parki\Documents\GitHub\Python-Practice\Sleep Schedule\static\Augmented\augmented712.png,0.0
,C:\Users\parki\Documents\GitHub\Python-Practice\Sleep Schedule\static\Augmented\augmented713.png,1.0
,C:\Users\parki\Documents\GitHub\Python-Practice\Sleep Schedule\static\Augmented\augmented714.png,1.0
,C:\Users\parki\Documents\GitHub\Python-Practice\Sleep Schedule\static\Augmented\augmented715.png,1.0
,C:\Users\parki\Documents\GitHub\Python-Practice\Sleep Schedule\static\Augmented\augmented716.png,0.0
,C:\Users\parki\Documents\GitHub\Python-Practice\Sleep Schedule\static\Augmented\augmented717.png,1.0
,C:\Users\parki\Documents\GitHub\Python-Practice\Sleep Schedule\static\Augmented\augmented718.png,1.0
,C:\Users\parki\Documents\GitHub\Python-Practice\Sleep Schedule\static\Augmented\augmented719.png,0.0
,C:\Users\parki\Documents\GitHub\Python-Practice\Sleep Schedule\static\Augmented\augmented720.png,1.0
,C:\Users\parki\Documents\GitHub\Python-Practice\Sleep Schedule\static\Augmented\augmented721.png,1.0
,C:\Users\parki\Documents\GitHub\Python-Practice\Sleep Schedule\static\Augmented\augmented722.png,1.0
,C:\Users\parki\Documents\GitHub\Python-Practice\Sleep Schedule\static\Augmented\augmented723.png,2.0
,C:\Users\parki\Documents\GitHub\Python-Practice\Sleep Schedule\static\Augmented\augmented724.png,1.0
,C:\Users\parki\Documents\GitHub\Python-Practice\Sleep Schedule\static\Augmented\augmented725.png,2.0
,C:\Users\parki\Documents\GitHub\Python-Practice\Sleep Schedule\static\Augmented\augmented726.png,1.0
,C:\Users\parki\Documents\GitHub\Python-Practice\Sleep Schedule\static\Augmented\augmented727.png,1.0
,C:\Users\parki\Documents\GitHub\Python-Practice\Sleep Schedule\static\Augmented\augmented728.png,1.0
,C:\Users\parki\Documents\GitHub\Python-Practice\Sleep Schedule\static\Augmented\augmented729.png,1.0
,C:\Users\parki\Documents\GitHub\Python-Practice\Sleep Schedule\static\Augmented\augmented730.png,0.0
,C:\Users\parki\Documents\GitHub\Python-Practice\Sleep Schedule\static\Augmented\augmented731.png,0.0
,C:\Users\parki\Documents\GitHub\Python-Practice\Sleep Schedule\static\Augmented\augmented732.png,1.0
,C:\Users\parki\Documents\GitHub\Python-Practice\Sleep Schedule\static\Augmented\augmented733.png,0.0
,C:\Users\parki\Documents\GitHub\Python-Practice\Sleep Schedule\static\Augmented\augmented734.png,1.0
,C:\Users\parki\Documents\GitHub\Python-Practice\Sleep Schedule\static\Augmented\augmented735.png,1.0
,C:\Users\parki\Documents\GitHub\Python-Practice\Sleep Schedule\static\Augmented\augmented736.png,1.0
,C:\Users\parki\Documents\GitHub\Python-Practice\Sleep Schedule\static\Augmented\augmented737.png,0.0
,C:\Users\parki\Documents\GitHub\Python-Practice\Sleep Schedule\static\Augmented\augmented738.png,1.0
,C:\Users\parki\Documents\GitHub\Python-Practice\Sleep Schedule\static\Augmented\augmented739.png,0.0
,C:\Users\parki\Documents\GitHub\Python-Practice\Sleep Schedule\static\Augmented\augmented740.png,1.0
,C:\Users\parki\Documents\GitHub\Python-Practice\Sleep Schedule\static\Augmented\augmented741.png,1.0
,C:\Users\parki\Documents\GitHub\Python-Practice\Sleep Schedule\static\Augmented\augmented742.png,1.0
,C:\Users\parki\Documents\GitHub\Python-Practice\Sleep Schedule\static\Augmented\augmented743.png,1.0
,C:\Users\parki\Documents\GitHub\Python-Practice\Sleep Schedule\static\Augmented\augmented744.png,1.0
,C:\Users\parki\Documents\GitHub\Python-Practice\Sleep Schedule\static\Augmented\augmented745.png,1.0
,C:\Users\parki\Documents\GitHub\Python-Practice\Sleep Schedule\static\Augmented\augmented746.png,0.0
,C:\Users\parki\Documents\GitHub\Python-Practice\Sleep Schedule\static\Augmented\augmented747.png,2.0
,C:\Users\parki\Documents\GitHub\Python-Practice\Sleep Schedule\static\Augmented\augmented748.png,1.0
,C:\Users\parki\Documents\GitHub\Python-Practice\Sleep Schedule\static\Augmented\augmented749.png,1.0
,C:\Users\parki\Documents\GitHub\Python-Practice\Sleep Schedule\static\Augmented\augmented750.png,0.0
,C:\Users\parki\Documents\GitHub\Python-Practice\Sleep Schedule\static\Augmented\augmented751.png,1.0
,C:\Users\parki\Documents\GitHub\Python-Practice\Sleep Schedule\static\Augmented\augmented752.png,2.0
,C:\Users\parki\Documents\GitHub\Python-Practice\Sleep Schedule\static\Augmented\augmented753.png,1.0
,C:\Users\parki\Documents\GitHub\Python-Practice\Sleep Schedule\static\Augmented\augmented754.png,0.0
,C:\Users\parki\Documents\GitHub\Python-Practice\Sleep Schedule\static\Augmented\augmented755.png,1.0
,C:\Users\parki\Documents\GitHub\Python-Practice\Sleep Schedule\static\Augmented\augmented756.png,0.0
,C:\Users\parki\Documents\GitHub\Python-Practice\Sleep Schedule\static\Augmented\augmented757.png,1.0
,C:\Users\parki\Documents\GitHub\Python-Practice\Sleep Schedule\static\Augmented\augmented758.png,0.0
,C:\Users\parki\Documents\GitHub\Python-Practice\Sleep Schedule\static\Augmented\augmented759.png,1.0
,C:\Users\parki\Documents\GitHub\Python-Practice\Sleep Schedule\static\Augmented\augmented760.png,1.0
,C:\Users\parki\Documents\GitHub\Python-Practice\Sleep Schedule\static\Augmented\augmented761.png,1.0
,C:\Users\parki\Documents\GitHub\Python-Practice\Sleep Schedule\static\Augmented\augmented762.png,0.0
,C:\Users\parki\Documents\GitHub\Python-Practice\Sleep Schedule\static\Augmented\augmented763.png,0.0
,C:\Users\parki\Documents\GitHub\Python-Practice\Sleep Schedule\static\Augmented\augmented764.png,1.0
,C:\Users\parki\Documents\GitHub\Python-Practice\Sleep Schedule\static\Augmented\augmented765.png,1.0
,C:\Users\parki\Documents\GitHub\Python-Practice\Sleep Schedule\static\Augmented\augmented766.png,2.0
,C:\Users\parki\Documents\GitHub\Python-Practice\Sleep Schedule\static\Augmented\augmented767.png,1.0
,C:\Users\parki\Documents\GitHub\Python-Practice\Sleep Schedule\static\Augmented\augmented768.png,0.0
,C:\Users\parki\Documents\GitHub\Python-Practice\Sleep Schedule\static\Augmented\augmented769.png,1.0
,C:\Users\parki\Documents\GitHub\Python-Practice\Sleep Schedule\static\Augmented\augmented770.png,2.0
,C:\Users\parki\Documents\GitHub\Python-Practice\Sleep Schedule\static\Augmented\augmented771.png,0.0
,C:\Users\parki\Documents\GitHub\Python-Practice\Sleep Schedule\static\Augmented\augmented772.png,2.0
,C:\Users\parki\Documents\GitHub\Python-Practice\Sleep Schedule\static\Augmented\augmented773.png,1.0
,C:\Users\parki\Documents\GitHub\Python-Practice\Sleep Schedule\static\Augmented\augmented774.png,1.0
,C:\Users\parki\Documents\GitHub\Python-Practice\Sleep Schedule\static\Augmented\augmented775.png,1.0
,C:\Users\parki\Documents\GitHub\Python-Practice\Sleep Schedule\static\Augmented\augmented776.png,2.0
,C:\Users\parki\Documents\GitHub\Python-Practice\Sleep Schedule\static\Augmented\augmented777.png,1.0
,C:\Users\parki\Documents\GitHub\Python-Practice\Sleep Schedule\static\Augmented\augmented778.png,0.0
,C:\Users\parki\Documents\GitHub\Python-Practice\Sleep Schedule\static\Augmented\augmented779.png,0.0
